Scientific name,sequence,Classification1,Classification2,Classification3,Classification4,Classification5,Classification6,Classification7,Classification8,Classification9,Classification10,Classification11,Classification12,Classification13,Classification14,Classification15,Classification16,Classification17,Classification18
Rattus norvegicus (Norway rat),GAGGATTTAGCTTAATTAAAGCAGTTGATTTGCATTTAACAGATGTAAGATATAGTCTTACAGTCCTTA,Eukaryota, Metazoa, Chordata, Craniata, Vertebrata, Euteleostomi, Mammalia, Eutheria, Euarchontoglires, Glires, Rodentia, Myomorpha, Muroidea, Muridae, Murinae, Rattus,,
Homo sapiens (human),AAGGGCTTAGCTTAATTAAAGTGGCTGATTTGCGTTCAGTTGATGCAGAGTGGGGTTTTGCAGTCCTTA,Eukaryota, Metazoa, Chordata, Craniata, Vertebrata, Euteleostomi, Mammalia, Eutheria, Euarchontoglires, Primates, Haplorrhini, Catarrhini, Hominidae, Homo,,,,
Lutra lutra (Eurasian river otter),AAGGGCTTAGCTTAATTAAAGTGATTGATTTGCGTTCAATAGATGTGAGGTATGTTCTTGCAGTCCTTA,Eukaryota, Metazoa, Chordata, Craniata, Vertebrata, Euteleostomi, Mammalia, Eutheria, Laurasiatheria, Carnivora, Caniformia, Mustelidae, Lutrinae, Lutra,,,,
Dermacentor andersoni,AGAAAAGTATTTAAATAAATAAAATCTAAATTGCAATTAGAAATTGAAGTATTTCCTTTTCTG,Eukaryota, Metazoa, Ecdysozoa, Arthropoda, Chelicerata, Arachnida, Acari, Parasitiformes, Ixodida, Ixodoidea, Ixodidae, Rhipicephalinae, Dermacentor,,,,,
Polyopes lancifolius,GGGAGTATAGTTTAATTTCGGTAAAACATATGTTTTGCATACATAAGATTATTGGTTCAAATCCGATTAT,Eukaryota, Rhodophyta, Florideophyceae, Rhodymeniophycidae, Halymeniales, Halymeniaceae, Polyopes,,,,,,,,,,,
Agrilus planipennis (emerald ash borer),AGGATAATAGTTATTAATAACATCTAATTTGCATTTAGAAAGTGCTAGAATCTAGCTTATCTTA,Eukaryota, Metazoa, Ecdysozoa, Arthropoda, Hexapoda, Insecta, Pterygota, Neoptera, Endopterygota, Coleoptera, Polyphaga, Elateriformia, Buprestoidea, Buprestidae, ,,,
Plodia interpunctella (Indianmeal moth),AGGATTATAGTTTATAAAAAACATTTGATTTGCATTCAAAAAATATTGAATTTCAATTTTTCTTA,Eukaryota, Metazoa, Ecdysozoa, Arthropoda, Hexapoda, Insecta, Pterygota, Neoptera, Endopterygota, Lepidoptera, Glossata, Ditrysia, Pyraloidea, Pyralidae, Phycitinae, ,,
Asparagopsis taxiformis,GGGAGTATAGTTTAATTTGGTAAAACATATGTTTTGCATACATAAGAGTATAGGTTCAATTCCTATTATT,Eukaryota, Rhodophyta, Florideophyceae, Bonnemaisoniales, Bonnemaisoniaceae, Asparagopsis,,,,,,,,,,,,
Palmaria palmata (Dulse),GGGAGTATAGTTTAGTTGGTAGAACGCCTGTTTTGCATACATGTAGCATAGGTTCGAATCCTGTTATTTC,Eukaryota, Rhodophyta, Florideophyceae, Nemaliophycidae, Palmariales, Palmariaceae, Palmaria,,,,,,,,,,,
Ahnfeltia plicata,GGGAGTATAGTTTAATTTGGTAAAGCATATGTTTTGCATACATAAAATTATTGGTTCAAATCCGATTACT,Eukaryota, Rhodophyta, Florideophyceae, Ahnfeltiales, Ahnfeltiaceae, Ahnfeltia,,,,,,,,,,,,
Gelidium elegans,GGGGATGTAGTTTAGATGGTAAAACATATGTTTTGCATACATAAGATCATCGGTTCAAATCCGATTATTT,Eukaryota, Rhodophyta, Florideophyceae, Gelidiales, Gelidiaceae, Gelidium,,,,,,,,,,,,
Sporolithon durum,GGGGGTGTAGTTTAATTGAAAAAACATATGTTTTGCAAACATAAAACTATCAGTTTGAATCTGGTTACTT,Eukaryota, Rhodophyta, Florideophyceae, Corallinophycidae, Corallinales, Sporolithaceae, Sporolithon,,,,,,,,,,,
Rhodymenia pseudopalmata,GGGAATATAGTTTAAACTGGTAAAATATATGTTTTGCATACATAAGAGTATCGGTTCAATTCCGATTATT,Eukaryota, Rhodophyta, Florideophyceae, Rhodymeniales, Rhodymeniaceae, Rhodymenia,,,,,,,,,,,,
Gracilaria chorda,GGGAATATAGTTTAATTTTGGTAAAATATATGTTTTGCATACATAAGATTATTGGTTCGAGTCCGATTAT,Eukaryota, Rhodophyta, Florideophyceae, Gracilariales, Gracilariaceae, Gracilaria,,,,,,,,,,,,
Gelidium vagum,GGGGGTATAGTTTAAAATGGTAAAACGTATGTTTTGCATACATAAGATCATCGGTTCAAATCCGATTATT,Eukaryota, Rhodophyta, Florideophyceae, Gelidiales, Gelidiaceae, Gelidium,,,,,,,,,,,,
Grateloupia angusta,GGGAATATAGTTTAACTTTGGTAAAATATATGTTTTGCATACATAAGATTATTGGTTCGAGTCCGATTAT,Eukaryota, Rhodophyta, Florideophyceae, Halymeniales, Halymeniaceae, Grateloupia,,,,,,,,,,,,
Desmodus rotundus (common vampire bat),AGGGGCTTAGCTTAAGAAAAGCGGTTGATTTGCGTTCAGAAGATGCAAGGCGGGGTCTTGCAGTCCCTA,Eukaryota, Metazoa, Chordata, Craniata, Vertebrata, Euteleostomi, Mammalia, Eutheria, Laurasiatheria, Chiroptera, Microchiroptera, Phyllostomidae, Desmodontinae, Desmodus,,,,
Drosophila willistoni,AGGGTTGTAGTTAATTATAACATTTGATTTGCATTCAAAAAGTATTGAATATTCAATCTACCTTG,Eukaryota, Metazoa, Ecdysozoa, Arthropoda, Hexapoda, Insecta, Pterygota, Neoptera, Endopterygota, Diptera, Brachycera, Muscomorpha, Ephydroidea, Drosophilidae, Drosophila, Sophophora,,
Schistocerca gregaria,AGGGTTGTAGTTAAACATAACATTTGGGTTGCATTCAAAAAGTATTGATAATATCAATCAACCTTA,Eukaryota, Metazoa, Ecdysozoa, Arthropoda, Hexapoda, Insecta, Pterygota, Neoptera, Polyneoptera, Orthoptera, Caelifera, Acrididea, Acridomorpha, Acridoidea, Acrididae, Cyrtacanthacridinae, Schistocerca,
Paralvinella palmiformis,TGTTCTCCTAGTTTAACAAAAACATTTGCCCTGCAAGTAAATAATGAAGACCTACTTTCTTCGAAGAACA,Eukaryota, Metazoa, Spiralia, Lophotrochozoa, Annelida, Polychaeta, Sedentaria, Canalipalpata, Terebellida, Terebelliformia, Alvinellidae, Paralvinella,,,,,,
Cotesia flavipes,TGATTAATAGTTTATAATAAAATATTTAATTTGCATTTAAATGATAATATATATATATATATAATATTTT,Eukaryota, Metazoa, Ecdysozoa, Arthropoda, Hexapoda, Insecta, Pterygota, Neoptera, Endopterygota, Hymenoptera, Apocrita, Parasitoida, Ichneumonoidea, Braconidae, Microgastrinae, Cotesia,,
Aphidius gifuensis,AGAATAATAGTTTAATAAAAATTTTTAATTTGCATTTAAAAGATATTTTGTAAAATTTATTTTA,Eukaryota, Metazoa, Ecdysozoa, Arthropoda, Hexapoda, Insecta, Pterygota, Neoptera, Endopterygota, Hymenoptera, Apocrita, Parasitoida, Ichneumonoidea, Braconidae, Aphidiinae, Aphidius,,
Nabis ferus,GGGGATGTAGTTAATAATAACATTTAATTTGCACTTAAAAAGTACTTTTATAGTCTTCCTCA,Eukaryota, Metazoa, Ecdysozoa, Arthropoda, Hexapoda, Insecta, Pterygota, Neoptera, Paraneoptera, Hemiptera, Heteroptera, Panheteroptera, Cimicomorpha, Nabidae, Nabinae, Nabis, Nabis,
Nysius fuscovittatus,GGGGATATAGTTAAAAATAACATCTAATTTGCAATTAGGAGGTACTGTATAGTTATTCTCG,Eukaryota, Metazoa, Ecdysozoa, Arthropoda, Hexapoda, Insecta, Pterygota, Neoptera, Paraneoptera, Hemiptera, Heteroptera, Panheteroptera, Pentatomomorpha, Lygaeoidea, Lygaeidae, Orsillinae, Nysius,
Palomena viridissima,GGGGTAATAGTTTAATAATATAACATTTAAATTGCAATTAAAAGATACTAAATTATAGTTTACCTCT,Eukaryota, Metazoa, Ecdysozoa, Arthropoda, Hexapoda, Insecta, Pterygota, Neoptera, Paraneoptera, Hemiptera, Heteroptera, Panheteroptera, Pentatomomorpha, Pentatomoidea, Pentatomidae, Pentatominae, Palomena,
Drosophila pseudoobscura,AGGGTTGTAGTTAATTATAACATTTGATTTGCATTCAAAAAGTATTGATATTCAATCTACCTTA,Eukaryota, Metazoa, Ecdysozoa, Arthropoda, Hexapoda, Insecta, Pterygota, Neoptera, Holometabola, Diptera, Brachycera, Muscomorpha, Ephydroidea, Drosophilidae, Drosophila, Sophophora,,
Peromyscus maniculatus bairdii (prairie deer mouse),GAGGATTTAGCTTAATTAAAGCGATTGATTTGCATTCATTAGATGTAAGATGTAGTCTTGCAATCCTTA,Eukaryota, Metazoa, Chordata, Craniata, Vertebrata, Euteleostomi, Mammalia, Eutheria, Euarchontoglires, Glires, Rodentia, Myomorpha, Muroidea, Cricetidae, Neotominae, Peromyscus,,
Thrips palmi,AGAGTAGTAATTTAAAAAAAATATTTATTTTGCATATAAAATTTACAAATTTGTCTACTTTG,Eukaryota, Metazoa, Ecdysozoa, Arthropoda, Hexapoda, Insecta, Pterygota, Neoptera, Paraneoptera, Thysanoptera, Terebrantia, Thripoidea, Thripidae, Thrips,,,,
Paroster microsturtensis,GGGAATATAGTTAATTATAACATTTAGGTTGCATCTAAAAAATATTGAAGACTCAATTATTCTTA,Eukaryota, Metazoa, Ecdysozoa, Arthropoda, Hexapoda, Insecta, Pterygota, Neoptera, Holometabola, Coleoptera, Adephaga, Dytiscoidea, Dytiscidae, Hydroporinae, Hydroporini, Paroster,,
Paroster mesosturtensis,AGGAATATAGTTAATTATAACATTTAGGTTGCATCTAAAAAATATTGAAAATTCAATTATTCTTA,Eukaryota, Metazoa, Ecdysozoa, Arthropoda, Hexapoda, Insecta, Pterygota, Neoptera, Holometabola, Coleoptera, Adephaga, Dytiscoidea, Dytiscidae, Hydroporinae, Hydroporini, Paroster,,
Paroster macrosturtensis,AGGAATATAGTTAACTATAACATTTAGGTTGCATCTAAAAAATATTGAAAATTCAATTATTCTTA,Eukaryota, Metazoa, Ecdysozoa, Arthropoda, Hexapoda, Insecta, Pterygota, Neoptera, Holometabola, Coleoptera, Adephaga, Dytiscoidea, Dytiscidae, Hydroporinae, Hydroporini, Paroster,,
Limbodessus palmulaoides,GGGATTATAGTTAACCATAACATTTAGTTTGCATCTAGAAAGTATTGAAATATCAATTTTTCTC,Eukaryota, Metazoa, Ecdysozoa, Arthropoda, Hexapoda, Insecta, Pterygota, Neoptera, Holometabola, Coleoptera, Adephaga, Dytiscoidea, Dytiscidae, Hydroporinae, Bidessini, Limbodessus,,
Dinorhynchus dybowskyi,GGGGTCGTAGTTAAGATTAACATTTAATTTGCAATTAAAAAATACTATTATTATAGTCTACCTCA,Eukaryota, Metazoa, Ecdysozoa, Arthropoda, Hexapoda, Insecta, Pterygota, Neoptera, Paraneoptera, Hemiptera, Heteroptera, Panheteroptera, Pentatomomorpha, Pentatomoidea, Pentatomidae, Asopinae, Dinorhynchus,
Styela clava,AAGTTTTTAGTTTAATAAAAACAATCATATTTGCAGTGTGATAATTAATCTGAAGGTTAAAAACTTA,Eukaryota, Metazoa, Chordata, Tunicata, Ascidiacea, Stolidobranchia, Styelidae, Styela,,,,,,,,,,
Aethina tumida (small hive beetle),AGGATAATAGTTAACTATAACATTTAATTTGCATTTAAAAAGTATTGAATTCCATTCAATTTATCTTA,Eukaryota, Metazoa, Ecdysozoa, Arthropoda, Hexapoda, Insecta, Pterygota, Neoptera, Holometabola, Coleoptera, Polyphaga, Cucujiformia, Nitidulidae, Nitidulinae, Aethina,,,
Mastomys coucha (southern multimammate mouse),GAGGTCTTAGCTTAATGAAAGTTATTGATTTGCATTCAATAGATGTAAGATATAGTCTTACAGTCCTTA,Eukaryota, Metazoa, Chordata, Craniata, Vertebrata, Euteleostomi, Mammalia, Eutheria, Euarchontoglires, Glires, Rodentia, Myomorpha, Muroidea, Muridae, Murinae, ,,
Helicoverpa assulta,AGGATTATAGTTTAATTTAAAACCTTTGATTTGCAATCAAAAAATATTATATAAATATAATTTATCTTA,Eukaryota, Metazoa, Ecdysozoa, Arthropoda, Hexapoda, Insecta, Pterygota, Neoptera, Holometabola, Lepidoptera, Glossata, Ditrysia, Noctuoidea, Noctuidae, Heliothinae, Helicoverpa,,
Graphosoma rubrolineatum,GGGGTTGTAGTTAAGTATTAACATTTAAATTGCAATTAAAAAACACTAAATATAGTCTTCCTCA,Eukaryota, Metazoa, Ecdysozoa, Arthropoda, Hexapoda, Insecta, Pterygota, Neoptera, Paraneoptera, Hemiptera, Heteroptera, Panheteroptera, Pentatomomorpha, Pentatomoidea, Pentatomidae, Podopinae, Graphosoma,
Navicula ramosissima,GGGGGTATAACTCAATTGGTAGAGTGTATGCTTTGCAAGCATAAAGTTATCGGTTCGAGTCCGATTATCT,Eukaryota, Stramenopiles, Bacillariophyta, Bacillariophyceae, Bacillariophycidae, Naviculales, Naviculaceae, Navicula,,,,,,,,,,
Kappaphycus alvarezii,GGGGATATAGTTTAATTTGGTAAAACATATGTTTTGCGTGCATAATACTATTGGTTCAAGTCCAATTATC,Eukaryota, Rhodophyta, Florideophyceae, Rhodymeniophycidae, Gigartinales, Solieriaceae, Kappaphycus,,,,,,,,,,,
Gynaephora qumalaiensis,AGGATTATAGTTTACTAAAACATTTGATTTGCATTCAAAAAATATTAATTAATTTTAATTTATCTTA,Eukaryota, Metazoa, Ecdysozoa, Arthropoda, Hexapoda, Insecta, Pterygota, Neoptera, Endopterygota, Lepidoptera, Glossata, Ditrysia, Noctuoidea, Lymantriidae, Gynaephora,,,
Gynaephora qinghaiensis,AGGATTATAGCTTAATAAAACATTTGATTTGCATTCAAAAAATATTAATTAATTTTAATTTATCTTA,Eukaryota, Metazoa, Ecdysozoa, Arthropoda, Hexapoda, Insecta, Pterygota, Neoptera, Endopterygota, Lepidoptera, Glossata, Ditrysia, Noctuoidea, Lymantriidae, Gynaephora,,,
Gynaephora aureata,AGGATTATAGTTTACTTAAAACATTTGATTTGCATTCAAAAAATATTAATAATTTTAATTTATCTTA,Eukaryota, Metazoa, Ecdysozoa, Arthropoda, Hexapoda, Insecta, Pterygota, Neoptera, Endopterygota, Lepidoptera, Glossata, Ditrysia, Noctuoidea, Lymantriidae, Gynaephora,,,
Skeletonema marinoi,GGGAATATAACTCAATTGGTAGAGTGTATGCTTTGCAAGCATAAAGTTATCGGTTCAACTCCGATTATTT,Eukaryota, Sar, Stramenopiles, Ochrophyta, Bacillariophyta, Coscinodiscophyceae, Thalassiosirophycidae, Thalassiosirales, Skeletonemataceae, Skeletonema, Skeletonema marinoi-dohrnii complex,,,,,,,
Eurydema gebleri (shield bug),GGGGTTGTAGTTTAAAATATAACATTTAATTTGCAATTAAAAGATACTAAAAATTTAAGAATAGTCTACC,Eukaryota, Metazoa, Ecdysozoa, Arthropoda, Hexapoda, Insecta, Pterygota, Neoptera, Paraneoptera, Hemiptera, Euhemiptera, Heteroptera, Panheteroptera, Pentatomomorpha, Pentatomoidea, Pentatomidae, Pentatominae, Eurydema
Lobosphaera incisa,GGGGGCGTAGTTCATCTGGTAGAACGCATGCTTTGCACGCATGAAGTGATCGGTTCAAGTCCGGTCGTCT,Eukaryota, Viridiplantae, Chlorophyta, Trebouxiophyceae, Chlorellales, Chlorellaceae, Lobosphaera,,,,,,,,,,,
Paratrioza sinica,AGGATTATAGTTTAATTAAAACACTTAAATTGCAATTAGGAGATAAATATTATTTAATCTGA,Eukaryota, Metazoa, Ecdysozoa, Arthropoda, Hexapoda, Insecta, Pterygota, Neoptera, Paraneoptera, Hemiptera, Sternorrhyncha, Psylliformes, Psylloidea, Triozidae, Paratrioza,,,
Kappaphycus striatus,GGGGATATAGTTTAATTTGGTAAAACATATGTTTTGCATGCATAATACTATTGGTTCAAGTCCAATTATC,Eukaryota, Rhodophyta, Florideophyceae, Gigartinales, Solieriaceae, Kappaphycus,,,,,,,,,,,,
Ciona intestinalis B CG-2006,AAATCTTTATTTTATATAAAATATCATTTTTGCATAATGAAGAAAAAAAATTTTAAGATTTA,Eukaryota, Metazoa, Chordata, Tunicata, Ascidiacea, Enterogona, Phlebobranchia, Cionidae, Ciona,,,,,,,,,
Caretta caretta (Loggerhead turtle),AAGGCCTTAGCTTAATTAAAGTGTTTGAGTTGCATTCATGAGATATGGGATAAAGTCCTGTAGGTCTTA,Eukaryota, Metazoa, Chordata, Craniata, Vertebrata, Euteleostomi, Archelosauria, Testudines, Cryptodira, Durocryptodira, Americhelydia, Chelonioidea, Cheloniidae, Caretta,,,,
Meles meles (Eurasian badger),AAGGGCTTAGCTTAATTAAAGTGACTGATTTGCGTTCAGTAGATGTGAGATGTACTCTTGCAGTTCTTA,Eukaryota, Metazoa, Chordata, Craniata, Vertebrata, Euteleostomi, Mammalia, Eutheria, Laurasiatheria, Carnivora, Caniformia, Mustelidae, Melinae, Meles,,,,
Dasyhippus peipingensis,AGGGTTATAGTTAAATATAACATTTGGGTTGCATTCAAAAAATATTGATTAAATCAATTAACCTTA,Eukaryota, Metazoa, Ecdysozoa, Arthropoda, Hexapoda, Insecta, Pterygota, Neoptera, Polyneoptera, Orthoptera, Caelifera, Acrididea, Acridomorpha, Acridoidea, Acrididae, Gomphocerinae, Dasyhippus,
Lagothrix poeppigii (silvery woolly monkey),AAGGGCTTAGCTTAATTAAAGTGATTGATTTGCGTTCAGTTGATGCAGAGTAGAGTTTTGCAGTCCTTA,Eukaryota, Metazoa, Chordata, Craniata, Vertebrata, Euteleostomi, Mammalia, Eutheria, Euarchontoglires, Primates, Haplorrhini, Platyrrhini, Atelidae, Atelinae, Lagothrix,,,
Gobiomorphus huttoni (redfinned bully),AAGGCTTTAGCTTAATTAAAGTGTCTGCGTTGCATGCAGAAGATGTGGGTTAGTGTCCTGCAAGTCTTA,Eukaryota, Metazoa, Chordata, Craniata, Vertebrata, Euteleostomi, Actinopterygii, Neopterygii, Teleostei, Neoteleostei, Acanthomorphata, Gobiaria, Gobiiformes, Eleotroidei, Eleotridae, Eleotrinae, Gobiomorphus,
Atractomorpha lata,AGGGGTATAGTTAAACATAACATTTGGGTTGCATTCAAAAAGTATTGAATTATTCAATTACTCTTA,Eukaryota, Metazoa, Ecdysozoa, Arthropoda, Hexapoda, Insecta, Pterygota, Neoptera, Polyneoptera, Orthoptera, Caelifera, Acrididea, Acridomorpha, Pyrgomorphoidea, Pyrgomorphidae, Pyrgomorphinae, Atractomorpha,
Hemerobius bispinus,AGGATAATAGTTAAATTAACATTTGATTTGCATTCAAAAGATATTGATTATTCAATTTATCTTA,Eukaryota, Metazoa, Ecdysozoa, Arthropoda, Hexapoda, Insecta, Pterygota, Neoptera, Endopterygota, Neuroptera, Hemerobiiformia, Hemerobiidae, Hemerobius,,,,,
Neuronema simile,AGGATAATAGTTAAATTAACATTTGATTTGCATTCAAAAGATATTGAAAATTCAATTTATCTTG,Eukaryota, Metazoa, Ecdysozoa, Arthropoda, Hexapoda, Insecta, Pterygota, Neoptera, Endopterygota, Neuroptera, Hemerobiiformia, Hemerobiidae, Neuronema,,,,,
Hemiculterella wui,AAGGCCTTAGTTTAATAAAAACATTTGATTTGCAATCAGAAAATGCAAGATAGACTCTTGTAGGTCTTA,Eukaryota, Metazoa, Chordata, Craniata, Vertebrata, Euteleostomi, Actinopterygii, Neopterygii, Teleostei, Ostariophysi, Cypriniformes, Xenocyprididae, Xenocypridinae, Hemiculterella,,,,
Siboglinum plumosum,ATTATTCTAGTTTATAAAAGAACAATTAATTTGCATTTAATAAGAGACCTTCGAATGAT,Eukaryota, Metazoa, Spiralia, Lophotrochozoa, Annelida, Polychaeta, Sedentaria, Canalipalpata, Sabellida, Siboglinidae, Siboglinum,,,,,,,
Notropis boops (bigeye shiner),AAGGCCTTAGTTTAACAAAAACATTTGATTTGCATTCAGAAGATGCAAGATAAACTCTTGTAGGTCTTA,Eukaryota, Metazoa, Chordata, Craniata, Vertebrata, Euteleostomi, Actinopterygii, Neopterygii, Teleostei, Ostariophysi, Cypriniformes, Leuciscidae, Pogonichthyinae, Notropis,,,,
Notropis nubilus (Ozark minnow),AAGGCCTTAGTTTAACAAAAACATCTGATTTGCATTCAGAAGATGCAAGATAAACTCCTGTAGGTCTTA,Eukaryota, Metazoa, Chordata, Craniata, Vertebrata, Euteleostomi, Actinopterygii, Neopterygii, Teleostei, Ostariophysi, Cypriniformes, Leuciscidae, Pogonichthyinae, Notropis,,,,
Cyprinella venusta (blacktail shiner),AAGGCCTTAGTTTAATAAAAACATTTGATTTGCATTCAGAAGATGCAAGATAAACTCTTGTAGGTCTTA,Eukaryota, Metazoa, Chordata, Craniata, Vertebrata, Euteleostomi, Actinopterygii, Neopterygii, Teleostei, Ostariophysi, Cypriniformes, Leuciscidae, Pogonichthyinae, Cyprinella,,,,
Notropis buccata (silverjaw minnow),AAGGCCTTAGTCTAACAAAGACATTTGATTTGCATTCAGAAGATGCAAGATAAACTCTTGTAGGTCTTA,Eukaryota, Metazoa, Chordata, Craniata, Vertebrata, Euteleostomi, Actinopterygii, Neopterygii, Teleostei, Ostariophysi, Cypriniformes, Leuciscidae, Pogonichthyinae, Notropis,,,,
Notropis percobromus (carmine shiner),AAGGCCTTAGTTTAACAAAGACATTTGATTTGCACTCAGAAGATGCAAGATAAACTCTTGTAGGTCTTA,Eukaryota, Metazoa, Chordata, Craniata, Vertebrata, Euteleostomi, Actinopterygii, Neopterygii, Teleostei, Ostariophysi, Cypriniformes, Leuciscidae, Pogonichthyinae, Notropis,,,,
Notropis texanus (weed shiner),AAGGCCTTAGTTTAACAAAAACATTTGATTTGCATTCAGAAGATGCAAGATAAACTCTTGTAGGTCTTA,Eukaryota, Metazoa, Chordata, Craniata, Vertebrata, Euteleostomi, Actinopterygii, Neopterygii, Teleostei, Ostariophysi, Cypriniformes, Leuciscidae, Pogonichthyinae, Notropis,,,,
Notropis maculatus (taillight shiner),GAGGCCTTAGTTTAACAAAAACATTTGATTTGCATTCAGAAGAAGCAAGATAAATTCTTGTAGGTTTTA,Eukaryota, Metazoa, Chordata, Craniata, Vertebrata, Euteleostomi, Actinopterygii, Neopterygii, Teleostei, Ostariophysi, Cypriniformes, Leuciscidae, Pogonichthyinae, Notropis,,,,
Luxilus pilsbryi,AAGGCCTTAGTTTAATAAAAACATTTGATTTGCACTCAGAAGATGCAAGATAGAGTCTTGTAGGTCTTA,Eukaryota, Metazoa, Chordata, Craniata, Vertebrata, Euteleostomi, Actinopterygii, Neopterygii, Teleostei, Ostariophysi, Cypriniformes, Leuciscidae, Pogonichthyinae, Luxilus,,,,
Ammocrypta vivax (scaly sand darter),AAGGCTTTAGCTTAATTAAAGTGTCTGTTTTGCATGCAGGAGATGTGGGGTAGTATCCCGCAAGTCTTA,Eukaryota, Metazoa, Chordata, Craniata, Vertebrata, Euteleostomi, Actinopterygii, Neopterygii, Teleostei, Neoteleostei, Acanthomorphata, Eupercaria, Perciformes, Percoidei, Percidae, Etheostomatinae, Ammocrypta,
Campostoma oligolepis (largescale stoneroller),GAGGCCTTAGTTTAACAAAAACATTTGATTTGCAATCAGAAAATGCAAGATAGACTCTTGTAGGCCTTA,Eukaryota, Metazoa, Chordata, Craniata, Vertebrata, Euteleostomi, Actinopterygii, Neopterygii, Teleostei, Ostariophysi, Cypriniformes, Leuciscidae, Pogonichthyinae, Campostoma,,,,
Percina shumardi (river darter),AAGGCTTTAGCTTAATTAAAGTGTCTGTTTTGCATGCAGGAGATGTGGGGTAATATCCCGCAAGTCTTA,Eukaryota, Metazoa, Chordata, Craniata, Vertebrata, Euteleostomi, Actinopterygii, Neopterygii, Teleostei, Neoteleostei, Acanthomorphata, Eupercaria, Perciformes, Percoidei, Percidae, Etheostomatinae, Percina, Imostoma
Percina vigil (saddleback darter),AAGGCTTTAGCTTAATTAAAGTGTCTGTTTTGCATGCAGGAGATGTGGGGTAATATCCCGCAAGTCTTA,Eukaryota, Metazoa, Chordata, Craniata, Vertebrata, Euteleostomi, Actinopterygii, Neopterygii, Teleostei, Neoteleostei, Acanthomorphata, Eupercaria, Perciformes, Percoidei, Percidae, Etheostomatinae, Percina, Imostoma
Moxostoma duquesnii (black redhorse),AAGGCTTTAGCTTAATTAAAGTGTCCGATTTGCATTCAGAAGATGTGGGATAAAGTCCCGCAAGTCTTA,Eukaryota, Metazoa, Chordata, Craniata, Vertebrata, Euteleostomi, Actinopterygii, Neopterygii, Teleostei, Ostariophysi, Cypriniformes, Catostomoidei, Catostomidae, Moxostoma,,,,
Percina maculata (blackside darter),AAGGCTTTAGCTTAATTAAAGTGTCTGTTTTGCATGCAGGAGATGTGGGGTAATATCCCGCAAGTCTTA,Eukaryota, Metazoa, Chordata, Craniata, Vertebrata, Euteleostomi, Actinopterygii, Neopterygii, Teleostei, Neoteleostei, Acanthomorphata, Eupercaria, Perciformes, Percoidei, Percidae, Etheostomatinae, Percina, Alvordius
Moxostoma erythrurum (golden redhorse),AAGGCTTTAGCTTAATTAAAGTGTCCGATTTGCATTCAGAAGATGTGGGATAAAGTCCCGCAAGTCTTA,Eukaryota, Metazoa, Chordata, Craniata, Vertebrata, Euteleostomi, Actinopterygii, Neopterygii, Teleostei, Ostariophysi, Cypriniformes, Catostomoidei, Catostomidae, Moxostoma,,,,
Etheostoma gracile (slough darter),AAGGCTTTAGCTTAATTAAAGTGTCTGTTTTGCATGCAGGAGATGTGGGGTAATATCCCGCAAGTCTTA,Eukaryota, Metazoa, Chordata, Craniata, Vertebrata, Euteleostomi, Actinopterygii, Neopterygii, Teleostei, Neoteleostei, Acanthomorphata, Eupercaria, Perciformes, Percoidei, Percidae, Etheostomatinae, Etheostoma,
Etheostoma stigmaeum (speckled darter),AAGGCTTTAGCTTAATTAAAGTGTCTGTTTTGCATGCAGGAGATGTGGGGTAATATCCCGCAAGTCTTA,Eukaryota, Metazoa, Chordata, Craniata, Vertebrata, Euteleostomi, Actinopterygii, Neopterygii, Teleostei, Neoteleostei, Acanthomorphata, Eupercaria, Perciformes, Percoidei, Percidae, Etheostomatinae, Etheostoma,
Crystallaria asprella (crystal darter),AAGGCTTTAGCTTAATTAAAGTGTCTGTTTTGCATGCAGGAGATGTGGGGTAGTATCCCGCAAGTCTTA,Eukaryota, Metazoa, Chordata, Craniata, Vertebrata, Euteleostomi, Actinopterygii, Neopterygii, Teleostei, Neoteleostei, Acanthomorphata, Eupercaria, Perciformes, Percoidei, Percidae, Percinae, Crystallaria,
Cottus hypselurus (Ozark sculpin),AAGGCTTTAGCTTAATTAAAGTGTCTGCTTTGCATGCAGGAGATGTGGGGTAATATCCTGCAAGTCTTA,Eukaryota, Metazoa, Chordata, Craniata, Vertebrata, Euteleostomi, Actinopterygii, Neopterygii, Teleostei, Neoteleostei, Acanthomorphata, Eupercaria, Perciformes, Cottioidei, Cottales, Cottidae, Cottus,
Centrarchus macropterus,AAGGCTTTAGCTTAATTAAAGTGTCTGTTTTGCATGCAGGAGATGTGGGGTAGTGTCCCGCAAGTCTTA,Eukaryota, Metazoa, Chordata, Craniata, Vertebrata, Euteleostomi, Actinopterygii, Neopterygii, Teleostei, Neoteleostei, Acanthomorphata, Eupercaria, Centrarchiformes, Centrarchoidei, Centrarchidae, Centrarchus,,
Lepomis symmetricus (bantam sunfish),AAGGCTTTAGCTTAATTAAAGTGTCTGTTTTGCATGCAGGAGATGTGGGGTAATGACCCGCAAGTCTTA,Eukaryota, Metazoa, Chordata, Craniata, Vertebrata, Euteleostomi, Actinopterygii, Neopterygii, Teleostei, Neoteleostei, Acanthomorphata, Eupercaria, Centrarchiformes, Centrarchoidei, Centrarchidae, Lepomis,,
Lepomis humilis (orangespotted sunfish),AAGGCTTTAGCTTAATTAAAGTGTCTGTTTTGCATGCAGGAGATGTGGGTTAGTGCCCCGCAAGCTTTA,Eukaryota, Metazoa, Chordata, Craniata, Vertebrata, Euteleostomi, Actinopterygii, Neopterygii, Teleostei, Neoteleostei, Acanthomorphata, Eupercaria, Centrarchiformes, Centrarchoidei, Centrarchidae, Lepomis,,
Lepomis megalotis,AAGGCTTTAGCTTAATTAAAGTGTCTGTTTTGCATGCAGGAGATGTGGGGTAGTGGCCCGCAAGTCTTA,Eukaryota, Metazoa, Chordata, Craniata, Vertebrata, Euteleostomi, Actinopterygii, Neopterygii, Teleostei, Neoteleostei, Acanthomorphata, Eupercaria, Centrarchiformes, Centrarchoidei, Centrarchidae, Lepomis,,
Isomyia nebulosa,AGGGTTGTAGTTAATTATAACATTTGATTTGCATTCAAAAAGTATTGAATATTCAATCTACCTTG,Eukaryota, Metazoa, Ecdysozoa, Arthropoda, Hexapoda, Insecta, Pterygota, Neoptera, Endopterygota, Diptera, Brachycera, Muscomorpha, Oestroidea, Rhiniidae, Isomyia,,,
Echinocrepis rostrata,GTGGTTTTAGTTTAATAAAAACTTTTGCTTTGCAAGTGAAAACTCTGAGTTTGATTCTTGGAAACTACA,Eukaryota, Metazoa, Echinodermata, Eleutherozoa, Echinozoa, Echinoidea, Euechinoidea, Holasteroida, Urechinina, Pourtalesiidae, Echinocrepis,,,,,,,
Remora osteochir (marlinsucker),AAGGCTTTATCTTAATTAAAGTGTCTGTTTTGCATGCAGAAGATGTGGGTTAGTGTCCCGCAAGTCTTA,Eukaryota, Metazoa, Chordata, Craniata, Vertebrata, Euteleostomi, Actinopterygii, Neopterygii, Teleostei, Neoteleostei, Acanthomorphata, Carangaria, Carangiformes, Echeneidae, Remora,,,
Notoscopelus resplendens (patchwork lampfish),GAGGCTTTAGCTTAATTAAAGTGTCTGTTTTGCATGCAGGAGATGCGGGGTAGAGTCCCGTAAGTCTTA,Eukaryota, Metazoa, Chordata, Craniata, Vertebrata, Euteleostomi, Actinopterygii, Neopterygii, Teleostei, Neoteleostei, Myctophata, Myctophiformes, Myctophidae, Notoscopelus,,,,
Larimus fasciatus (banded drum),AAGGCTTTAGCTTAATTAAAGTGCCTGTTTTGCATACAGGAGATGTGGGTTAGTGTCCTGCAAGTCTTA,Eukaryota, Metazoa, Chordata, Craniata, Vertebrata, Euteleostomi, Actinopterygii, Neopterygii, Teleostei, Neoteleostei, Acanthomorphata, Eupercaria, Sciaenidae, Larimus,,,,
Eviota epiphanes (divine dwarf goby),AGGGCTTTAGCTTAAGTAAAGCACTTGTTTTGCATTCAAGAGATGTGGGTTAATGTCCCGCAAGCCCTA,Eukaryota, Metazoa, Chordata, Craniata, Vertebrata, Euteleostomi, Actinopterygii, Neopterygii, Teleostei, Neoteleostei, Acanthomorphata, Gobiaria, Gobiiformes, Gobioidei, Gobiidae, Gobiinae, Eviota,
Uropterygius macrocephalus,AAGGCCTTAGCTTAATTAAAGCGTTTGAGTTGCATTCAATTAATGTGGGATAAAGCCCCGCAGGTCTTA,Eukaryota, Metazoa, Chordata, Craniata, Vertebrata, Euteleostomi, Actinopterygii, Neopterygii, Teleostei, Anguilliformes, Muraenidae, Uropterygius,,,,,,
Cubiceps paradoxus (longfin cigarfish),AAGGCTTTAGCTTAATTAAAGTGTCTGTTTTGCATGCAGGAGATGTGGGGTAATGTCCCGCAAGTCTTA,Eukaryota, Metazoa, Chordata, Craniata, Vertebrata, Euteleostomi, Actinopterygii, Neopterygii, Teleostei, Neoteleostei, Acanthomorphata, Pelagiaria, Scombriformes, Nomeidae, Cubiceps,,,
Euprotomicrus bispinatus,AAGGTTTTAGCTTAATGAAAGTATCTGGGTTGCATTCAGAAGATGTGAGATAAAGTCTTGCAAATCTTA,Eukaryota, Metazoa, Chordata, Craniata, Vertebrata, Chondrichthyes, Elasmobranchii, Squalomorphii, Squaliformes, Dalatiidae, Euprotomicrus,,,,,,,
Centropyge nigriocellus (blackspot angelfish),AAGGCTTTAGCTTAATTAAAGTGTCTGTTTTGCATGCAGGAGATGTGGGGTAGTATCCCGCAAGTCTTA,Eukaryota, Metazoa, Chordata, Craniata, Vertebrata, Euteleostomi, Actinopterygii, Neopterygii, Teleostei, Neoteleostei, Acanthomorphata, Eupercaria, Pomacanthidae, Centropyge,,,,
Pleurosicya micheli (Michel's ghost goby),AAGGCTTTAGCTTAATTAAAGTGCCTGCTTTGCATGCAGGAGTTGCGGGTTAAAGGCCCGTAAGCCTTA,Eukaryota, Metazoa, Chordata, Craniata, Vertebrata, Euteleostomi, Actinopterygii, Neopterygii, Teleostei, Neoteleostei, Acanthomorphata, Gobiaria, Gobiiformes, Gobioidei, Gobiidae, Gobiinae, Pleurosicya,
Ophidion muraenolepis (blackedge cusk),GAGGCTTTATCTTAATTAAAGTGACTGTTTTGCAAATAGTTGATGTGAGTTAGTGTCTCGCAAGCCTTA,Eukaryota, Metazoa, Chordata, Craniata, Vertebrata, Euteleostomi, Actinopterygii, Neopterygii, Teleostei, Neoteleostei, Acanthomorphata, Ophidiaria, Ophidiiformes, Ophidiidae, Ophidion,,,
Priolepis semidoliata (half-barred goby),AAGGCTTTAGCTTAATTAAAGTGTTTGTTTTGCATACAAAAGATGTGGGTTAGTGTCCTGCAAGTCTTA,Eukaryota, Metazoa, Chordata, Craniata, Vertebrata, Euteleostomi, Actinopterygii, Neopterygii, Teleostei, Neoteleostei, Acanthomorphata, Gobiaria, Gobiiformes, Gobioidei, Gobiidae, Gobiinae, Priolepis,
Uroconger lepturus (slender conger),AAGGCCTTAGCTTAATTAAAGTGTTTGATTTGCATTCAGAATATGTGGGGTAAAGTCCTGCAGGTCTTA,Eukaryota, Metazoa, Chordata, Craniata, Vertebrata, Euteleostomi, Actinopterygii, Neopterygii, Teleostei, Anguilliformes, Congridae, Uroconger,,,,,,
Bathytyphlops marionae,AAGGCTTTAGCTTAATGAAAGTGTCTGCTTTGCACGCAGAAGATGGGGGATAAAGTCCCGCAAGTCTTA,Eukaryota, Metazoa, Chordata, Craniata, Vertebrata, Euteleostomi, Actinopterygii, Neopterygii, Teleostei, Neoteleostei, Aulopa, Aulopiformes, Alepisauroidei, Ipnopidae, Bathytyphlops,,,
Myrophis microchir (ordinary snake eel),AAGGCTTTAGCTTAATTAAAGCGTCTGGGTTGCATTCAGTTTATGTGGGATAAAGTCCTGCAAGTCTTA,Eukaryota, Metazoa, Chordata, Craniata, Vertebrata, Euteleostomi, Actinopterygii, Neopterygii, Teleostei, Anguilliformes, Ophichthidae, Myrophis,,,,,,
Tigrigobius multifasciatus,AAGGCTTTAGCTTAATTAAAGCGTTTGCTTTGCATGCAGAAGATGGAGGATAGAGTCCTGCAAGCCTTA,Eukaryota, Metazoa, Chordata, Craniata, Vertebrata, Euteleostomi, Actinopterygii, Neopterygii, Teleostei, Neoteleostei, Acanthomorphata, Gobiaria, Gobiiformes, Gobioidei, Gobiidae, Gobiinae, Tigrigobius,
Eucinostomus gula (jenny mojarra),AAGGTTTTAGCTTAATTAAAGTGTCTGTTTTGCATACAGGAGCTGTGGGGTAGTATCCCGCAAATCTTA,Eukaryota, Metazoa, Chordata, Craniata, Vertebrata, Euteleostomi, Actinopterygii, Neopterygii, Teleostei, Neoteleostei, Acanthomorphata, Eupercaria, Gerreiformes, Gerreidae, Eucinostomus,,,
Atheresthes stomias (arrowtooth flounder),AAGGTCTTATCTTAATTAAAGTGTCTGCTTTGCATGCAGAAGATGTGGGGTAATAGCCCGCAGGTCTTA,Eukaryota, Metazoa, Chordata, Craniata, Vertebrata, Euteleostomi, Actinopterygii, Neopterygii, Teleostei, Neoteleostei, Acanthomorphata, Carangaria, Pleuronectiformes, Pleuronectoidei, Pleuronectidae, Atheresthes,,
Atheresthes evermanni (Kamchatka flounder),AAGGTCTTATCTTAATTAAAGTGTCTGCTTTGCATGCAGAAGATGTGGGGTAATAGCCCGCAGGTCTTA,Eukaryota, Metazoa, Chordata, Craniata, Vertebrata, Euteleostomi, Actinopterygii, Neopterygii, Teleostei, Neoteleostei, Acanthomorphata, Carangaria, Pleuronectiformes, Pleuronectoidei, Pleuronectidae, Atheresthes,,
Benthodesmus simonyi (Simony's frostfish),AAGGCTTTAGCTTAATTAAAGTGCCTGTTTTGCATACAGGAGCTGTGGGTTAATGTCCCGTAAGTCTTA,Eukaryota, Metazoa, Chordata, Craniata, Vertebrata, Euteleostomi, Actinopterygii, Neopterygii, Teleostei, Neoteleostei, Acanthomorphata, Pelagiaria, Scombriformes, Trichiuridae, Benthodesmus,,,
Monolene sessilicauda (deepwater flounder),AAAGCCTTAGCTTAATTAAAGCATCTGTTTTGCATGCAGAAGATGTGGGGTAATATCCCGCAGGTTTTA,Eukaryota, Metazoa, Chordata, Craniata, Vertebrata, Euteleostomi, Actinopterygii, Neopterygii, Teleostei, Neoteleostei, Acanthomorphata, Carangaria, Pleuronectiformes, Pleuronectoidei, Bothidae, Monolene,,
Baldwinella aureorubens (streamer bass),GAGGCTTTAGTTTACTTAAAGCACCTGATTTGCATTCAGGAGATGTGGGTTAGCCCCTGCAAGTCTTA,Eukaryota, Metazoa, Chordata, Craniata, Vertebrata, Euteleostomi, Actinopterygii, Neopterygii, Teleostei, Neoteleostei, Acanthomorphata, Eupercaria, Perciformes, Serranoidei, Serranidae, Anthiinae, Baldwinella,
Lepidopus altifrons (crested scabbardfish),AAGGCTTTAGCTTAATTAAAGTGTCTGCTTTGCATGCAGAAGTTGTGGGTTAATGTCCCGTAAGTCTTA,Eukaryota, Metazoa, Chordata, Craniata, Vertebrata, Euteleostomi, Actinopterygii, Neopterygii, Teleostei, Neoteleostei, Acanthomorphata, Pelagiaria, Scombriformes, Trichiuridae, Lepidopus,,,
Scorpaena brachyptera,AAGGCCTTAGCTTAATAAAAGTATCTGCGTTGCATGCAGAAGCTGTGGGCTAACATCCCGCAGGTCTTA,Eukaryota, Metazoa, Chordata, Craniata, Vertebrata, Euteleostomi, Actinopterygii, Neopterygii, Teleostei, Neoteleostei, Acanthomorphata, Eupercaria, Perciformes, Scorpaenoidei, Scorpaenidae, Scorpaeninae, Scorpaena,
Gadomus arcuatus (doublethread grenadier),AAGGTCTTATCTTAATTAAAGAATTTGCTTTGCATGCAAAAGATGTGGGGTAATGTCCTGCAGATCTTA,Eukaryota, Metazoa, Chordata, Craniata, Vertebrata, Euteleostomi, Actinopterygii, Neopterygii, Teleostei, Neoteleostei, Acanthomorphata, Zeiogadaria, Gadariae, Gadiformes, Macrouroidei, Macrouridae, Bathygadinae, Gadomus
Gadella imberbis (beardless cod),AAGGTCTTAGCTTAATTAAAGTATTTGTTTTGCATACAAAAGATGTGAGATAAAGTCTCGCAGATCTTA,Eukaryota, Metazoa, Chordata, Craniata, Vertebrata, Euteleostomi, Actinopterygii, Neopterygii, Teleostei, Neoteleostei, Acanthomorphata, Zeiogadaria, Gadariae, Gadiformes, Gadoidei, Moridae, Gadella,
Caulolatilus cyanops (blackline tilefish),AAAGCCTTAGCTTAATTAAAGTGCTTGTTTTGCATACAGGTGATGTGGGGTAGCGGCCTGCAGGTTTTA,Eukaryota, Metazoa, Chordata, Craniata, Vertebrata, Euteleostomi, Actinopterygii, Neopterygii, Teleostei, Neoteleostei, Acanthomorphata, Eupercaria, Malacanthidae, Latilinae, Caulolatilus,,,
Polymetme thaeocoryla,AAGGCTTTAGCTTAATTAAAGTGTCTGGGTTGCATTCAGAAGATGTGGGATAAAGTCCTATAAGTCTTA,Eukaryota, Metazoa, Chordata, Craniata, Vertebrata, Euteleostomi, Actinopterygii, Neopterygii, Teleostei, Stomiati, Stomiiformes, Phosichthyidae, Polymetme,,,,,
Malacocephalus laevis (softhead grenadier),AAGGCCTTAGCTTAATTAAAGTGCCTGTTTTGCATGCATGAAATGTGGGTTAGTGCCCCGCAGGTCTTA,Eukaryota, Metazoa, Chordata, Craniata, Vertebrata, Euteleostomi, Actinopterygii, Neopterygii, Teleostei, Neoteleostei, Acanthomorphata, Zeiogadaria, Gadariae, Gadiformes, Macrouroidei, Macrouridae, Macrourinae, Malacocephalus
Laemonema goodebeanorum,AAGGTCTTAGCTTAATTAAAGTATCTGTTTTGCATGCAGAAGATGTGGGGTAATGTCCTGCAGACCTTA,Eukaryota, Metazoa, Chordata, Craniata, Vertebrata, Euteleostomi, Actinopterygii, Neopterygii, Teleostei, Neoteleostei, Acanthomorphata, Zeiogadaria, Gadariae, Gadiformes, Gadoidei, Moridae, Laemonema,
Baldwinella vivanus (red barbier),GAGGGTTTAGTTTATCTAAAGCACCTGCCTTGCACGCAGGAGATGTAGGTTAGTTCCTGCAAGCCTTA,Eukaryota, Metazoa, Chordata, Craniata, Vertebrata, Euteleostomi, Actinopterygii, Neopterygii, Teleostei, Neoteleostei, Acanthomorphata, Eupercaria, Perciformes, Serranoidei, Serranidae, Anthiinae, Baldwinella,
Synchiropus atrilabiatus,AAGGCTATAGCTTAATTAAAGCGTCTGTTTTGCATACAGAGGATGTGAGTTAATATCTTGTTAGTCTTA,Eukaryota, Metazoa, Chordata, Craniata, Vertebrata, Euteleostomi, Actinopterygii, Neopterygii, Teleostei, Neoteleostei, Acanthomorphata, Syngnathiaria, Syngnathiformes, Callionymoidei, Callionymidae, Synchiropus,,
Bathygadus melanobranchus (Vaillant's grenadier),AAGGTCTTATCTTAATTAAAGAGTTTGCTTTGCATGCAAAAAATGTGGGATAGTGTCCTGCAGACCTTA,Eukaryota, Metazoa, Chordata, Craniata, Vertebrata, Euteleostomi, Actinopterygii, Neopterygii, Teleostei, Neoteleostei, Acanthomorphata, Zeiogadaria, Gadariae, Gadiformes, Macrouroidei, Macrouridae, Bathygadinae, Bathygadus
Trinectes inscriptus (scrawled sole),AAGGCTTTAGCTTAATTAAAGTGTCTGTTTTGCATACAGGAGATGTGGGGTAGTGTCCCGCAAGTCTTA,Eukaryota, Metazoa, Chordata, Craniata, Vertebrata, Euteleostomi, Actinopterygii, Neopterygii, Teleostei, Neoteleostei, Acanthomorphata, Carangaria, Pleuronectiformes, Pleuronectoidei, Achiridae, Trinectes,,
Symphysanodon katayamai,AAGGCTTTAGCTTAATTAAAGTGTTTGTTTTGCATACAAGAGATGTGGGTTAGTGTCCTGCAAGTCTTA,Eukaryota, Metazoa, Chordata, Craniata, Vertebrata, Euteleostomi, Actinopterygii, Neopterygii, Teleostei, Neoteleostei, Acanthomorphata, Eupercaria, Acropomatiformes, Symphysanodontidae, Symphysanodon,,,
Rhynchophorus phoenicis (African palm weevil),AGGATAATAGTTAATAATAACGTTTAATTTGCACTTAAAAAGTATTGGGATACCAATTTATCTTA,Eukaryota, Metazoa, Ecdysozoa, Arthropoda, Hexapoda, Insecta, Pterygota, Neoptera, Endopterygota, Coleoptera, Polyphaga, Cucujiformia, Curculionidae, Dryophthorinae, Rhynchophorus,,,
Gymnothorax odishi,AAGGCCTTAGCTTAATTAAAGTGTTTGATTTGCATTCAACTTATGTGGGATAAAGTCCCGCAGGTCTTA,Eukaryota, Metazoa, Chordata, Craniata, Vertebrata, Euteleostomi, Actinopterygii, Neopterygii, Teleostei, Anguilliformes, Muraenidae, Gymnothorax,,,,,,
Baronia brevicornis,AGGATTATAGTTTATTTTAAAACATTTGATTTGCATTCAAAAAATATTGAAATTCAATTTATCTTA,Eukaryota, Metazoa, Ecdysozoa, Arthropoda, Hexapoda, Insecta, Pterygota, Neoptera, Endopterygota, Lepidoptera, Glossata, Ditrysia, Papilionoidea, Papilionidae, Baroniinae, Baronia,,
Bathymaster signatus (searcher),AAAGCTTTAGCTTAATTAAAGTATCTGTTTTGCATGCAGGAGATGTGGGGTAGTATCCCGCAAGTTTTA,Eukaryota, Metazoa, Chordata, Craniata, Vertebrata, Euteleostomi, Actinopterygii, Neopterygii, Teleostei, Neoteleostei, Acanthomorphata, Eupercaria, Perciformes, Cottioidei, Zoarcales, Bathymasteridae, Bathymaster,
Ophidion marginatum (striped cusk-eel),AAGGCCTTAGCTTAATTAAAGTATCTGTTTTGCACATAGGAGATGTGAGGTAGTGCCTCGCAGGTCTTA,Eukaryota, Metazoa, Chordata, Craniata, Vertebrata, Euteleostomi, Actinopterygii, Neopterygii, Teleostei, Neoteleostei, Acanthomorphata, Ophidiaria, Ophidiiformes, Ophidiidae, Ophidion,,,
Cantherhines pullus (orangespotted filefish),AAGGCTTTAGCTTAATTAAAGTACCTGTTTTGCATACAGGAGATGTGGGGTAGTGTCCCGCAAGTCTTA,Eukaryota, Metazoa, Chordata, Craniata, Vertebrata, Euteleostomi, Actinopterygii, Neopterygii, Teleostei, Neoteleostei, Acanthomorphata, Eupercaria, Tetraodontiformes, Monacanthidae, Cantherhines,,,
Bothus robinsi (twospot flounder),AAAGCCTTAGCTTAATTAAAGCACCTGCTTTGCACGCAGGAGATGTGGGATAGTGTCCGGCAGGCTTTA,Eukaryota, Metazoa, Chordata, Craniata, Vertebrata, Euteleostomi, Actinopterygii, Neopterygii, Teleostei, Neoteleostei, Acanthomorphata, Carangaria, Pleuronectiformes, Pleuronectoidei, Bothidae, Bothus,,
Conger oceanicus (American conger),AAGGCCTTAGCTTAATTAAAGCTTTTGATTTGCATTCAAATTATGTGGGGTAAAACCCGCAGGTCTTA,Eukaryota, Metazoa, Chordata, Craniata, Vertebrata, Euteleostomi, Actinopterygii, Neopterygii, Teleostei, Neoteleostei, Acanthomorphata, Zeiogadaria, Gadariae, Gadiformes, Macrouroidei, Macrouridae, Bathygadinae, Gadomus
Gadomus longifilis (threadfin grenadier),AAGGTCTTATCTTAATTAAAGAATTTGCTTTGCATGCAAAAGATGTGGGGTAATGTCCTGCAGATCTTA,Eukaryota, Metazoa, Chordata, Craniata, Vertebrata, Euteleostomi, Actinopterygii, Neopterygii, Teleostei, Neoteleostei, Acanthomorphata, Zeiogadaria, Gadariae, Gadiformes, Macrouroidei, Macrouridae, Bathygadinae, Gadomus
Hypoplectrus floridae,AAGGCTTTAGCTTAATTAAAGTATCTGTTTTGCATACAGAAGATGTGGGTTAGAGCCCCGCAAGTCTTA,Eukaryota, Metazoa, Chordata, Craniata, Vertebrata, Euteleostomi, Actinopterygii, Neopterygii, Teleostei, Neoteleostei, Acanthomorphata, Eupercaria, Perciformes, Serranoidei, Serranidae, Serraninae, Hypoplectrus,
Hypoplectrus puella (barred hamlet),AAGGCTTTAGCTTAATTAAAGTATCTGTTTTGCATACAGAAGATGTGGGTTAGAGCCCCGCAAGTCTTA,Eukaryota, Metazoa, Chordata, Craniata, Vertebrata, Euteleostomi, Actinopterygii, Neopterygii, Teleostei, Neoteleostei, Acanthomorphata, Eupercaria, Perciformes, Serranoidei, Serranidae, Serraninae, Hypoplectrus,
Hypoplectrus unicolor (butter hamlet),AAGGCTTTAGCTTAATTAAAGTATCTGTTTTGCATACAGAAGATGTGGGTTAGAGCCCCGCAAGTCTTA,Eukaryota, Metazoa, Chordata, Craniata, Vertebrata, Euteleostomi, Actinopterygii, Neopterygii, Teleostei, Neoteleostei, Acanthomorphata, Eupercaria, Perciformes, Serranoidei, Serranidae, Serraninae, Hypoplectrus,
Lepophidium profundorum (blackrim cusk-eel),GAGGCCTTAGCTTAATTAAAGCATCTGTTTTGCATGCAGAAGATGTGAGGTAGTGTCTTGCAGGCCTTA,Eukaryota, Metazoa, Chordata, Craniata, Vertebrata, Euteleostomi, Actinopterygii, Neopterygii, Teleostei, Neoteleostei, Acanthomorphata, Ophidiaria, Ophidiiformes, Ophidiidae, Lepophidium,,,
Sudis atrox (fierce pike smelt),GAGGCCTTGGCTTAATTAAAGTGTCTGCGTTGCATGCAGAAGATGTGGGATAAAGTCCCGCAGGTCTTA,Eukaryota, Metazoa, Chordata, Craniata, Vertebrata, Euteleostomi, Actinopterygii, Neopterygii, Teleostei, Neoteleostei, Aulopa, Aulopiformes, Alepisauroidei, Paralepididae, Sudis,,,
Remora brachyptera (spearfish remora),AAGGCTTTATCTTAATTAAAGTGTCTGTTTTGCATGCAGAAGATGTGGGTTAGTGTCCCGCAAGTCTTA,Eukaryota, Metazoa, Chordata, Craniata, Vertebrata, Euteleostomi, Actinopterygii, Neopterygii, Teleostei, Neoteleostei, Acanthomorphata, Carangaria, Carangiformes, Echeneidae, Remora,,,
Monopenchelys acuta (redface moray),AAAGCCTTAGCTTAATCAAAGCGTTTGAGTTGCATTCAATTAATGTGGGATAGAGCCCCGCAGGTTTTA,Eukaryota, Metazoa, Chordata, Craniata, Vertebrata, Euteleostomi, Actinopterygii, Neopterygii, Teleostei, Anguilliformes, Muraenidae, Monopenchelys,,,,,,
Plectroglyphidodon fasciolatus (Pacific gregory),AAGGCTTTAGCTTAATTAAAGTGTCTGTTTTGCATGCAGGAGATGTGGGTTAGTGTCCCGCAGGCCTTA,Eukaryota, Metazoa, Chordata, Craniata, Vertebrata, Euteleostomi, Actinopterygii, Neopterygii, Teleostei, Neoteleostei, Acanthomorphata, Ovalentaria, Pomacentridae, Plectroglyphidodon,,,,
Stemonosudis rothschildi (Rothschild's barracudina),GAGGCCTTAGCTTAATGAAAGTGTCTGTTTTGCATACAGGAGATGTGGGATAAAGTCCCGCAGGTCTTA,Eukaryota, Metazoa, Chordata, Craniata, Vertebrata, Euteleostomi, Actinopterygii, Neopterygii, Teleostei, Neoteleostei, Aulopa, Aulopiformes, Alepisauroidei, Paralepididae, Stemonosudis,,,
Blenniella gibbifrons (hump-headed blenny),AAGGCTTTAGCTTAATTAAAGTGTCTGTTTTGCATACAGGAGATGTGGGTTAAAAGCCCGCAAGTCTTA,Eukaryota, Metazoa, Chordata, Craniata, Vertebrata, Euteleostomi, Actinopterygii, Neopterygii, Teleostei, Neoteleostei, Acanthomorphata, Ovalentaria, Blenniimorphae, Blenniiformes, Blennioidei, Blenniidae, Salariinae, Blenniella
Amblycirrhitus pinos (redspotted hawkfish),AAGGCTTTAGCTTAATTAAAGTATCTGTTTTGCATGCAGAAGATGTGGGGTAGTGTCCCGCATGCCTTA,Eukaryota, Metazoa, Chordata, Craniata, Vertebrata, Euteleostomi, Actinopterygii, Neopterygii, Teleostei, Neoteleostei, Acanthomorphata, Eupercaria, Centrarchiformes, Cirrhitioidei, Cirrhitidae, Amblycirrhitus,,
Leontopithecus chrysopygus (golden-rumped lion tamarin),AAGGGCTTAGCTTAATTAAAGTAATTGATTTGCGTTCAGTTGATGCAGAATAAAGTTTTGCAGTCCTTA,Eukaryota, Metazoa, Chordata, Craniata, Vertebrata, Euteleostomi, Mammalia, Eutheria, Euarchontoglires, Primates, Haplorrhini, Platyrrhini, Cebidae, Callitrichinae, Leontopithecus,,,
Cercocebus atys (sooty mangabey),GAGGGCTTAGCTTAATTAAAGTGGTTGATTTGCGTTCAATTGATGCAGAGTAGGTATTTGCAGTCCTTA,Eukaryota, Metazoa, Chordata, Craniata, Vertebrata, Euteleostomi, Mammalia, Eutheria, Euarchontoglires, Primates, Haplorrhini, Catarrhini, Cercopithecidae, Cercopithecinae, Cercocebus,,,
Homo heidelbergensis (Heidelberg man),AAGGGCTTAGCTTAATTAAAGTGGCTGATTTGCGTTCAGTTGATGCAGAGTGGGATTTTGCAGTCCTTA,Eukaryota, Metazoa, Chordata, Craniata, Vertebrata, Euteleostomi, Mammalia, Eutheria, Euarchontoglires, Primates, Haplorrhini, Catarrhini, Hominidae, Homo,,,,
Homo sapiens subsp. 'Denisova' (Denisova hominin),AAGGGCTTAGCTTAATTAAAGTGGCTGATTTGCGTTCAGTTGATGCAGAGTGGGGCTTTGCAGTCCTTA,Eukaryota, Metazoa, Chordata, Craniata, Vertebrata, Euteleostomi, Mammalia, Eutheria, Euarchontoglires, Primates, Haplorrhini, Catarrhini, Hominidae, Homo,,,,
Homo sapiens neanderthalensis (Neandertal),AAGGGCTTAGCTTAATTAAAGTGGCTGATTTGCGTTCAGTTGATGCAGAGTGGGGTTTTGCAGTCCTTA,Eukaryota, Metazoa, Chordata, Craniata, Vertebrata, Euteleostomi, Mammalia, Eutheria, Euarchontoglires, Primates, Haplorrhini, Catarrhini, Hominidae, Homo,,,,
Daubentonia madagascariensis (aye-aye),AAGGATTTAGCTTAATTAAAGTAGTTGATTTGCATTCAATTGATGTAGGGTGGAGTCCTGCAGTCCTTA,Eukaryota, Metazoa, Chordata, Craniata, Vertebrata, Euteleostomi, Mammalia, Eutheria, Euarchontoglires, Primates, Strepsirrhini, Chiromyiformes, Daubentoniidae, Daubentonia,,,,
Talpa martinorum,AAGGACTTAGCTTAATTAAAGTAGTTGATTTGCATTCAGTTGATGTAGGATAGAGTCTTGCAGTCCTTA,Eukaryota, Metazoa, Chordata, Craniata, Vertebrata, Euteleostomi, Mammalia, Eutheria, Euarchontoglires, Glires, Rodentia, Hystricomorpha, Cuniculidae, Cuniculus,,,,
Cuniculus paca (Lowland paca),AAAGGTTTAGCTTAATTAAAGTGTCTGGTTTGCATTCAGTCGATGTGAGGTAATAGTCTTACAGCCTTTA,Eukaryota, Metazoa, Chordata, Craniata, Vertebrata, Euteleostomi, Mammalia, Eutheria, Euarchontoglires, Glires, Rodentia, Hystricomorpha, Cuniculidae, Cuniculus,,,,
Carollia brevicauda,AAGGGCTTAGCTTAAGAAAAGTGGCTGATTTGCATTCAGTAGATGTAGGATAGAATCTTGCAGTCCTTA,Eukaryota, Metazoa, Chordata, Craniata, Vertebrata, Euteleostomi, Mammalia, Eutheria, Laurasiatheria, Chiroptera, Microchiroptera, Phyllostomidae, Carolliinae, Carollia,,,,
Hipposideros pomona (Pomona leaf-nosed bat),AAGGGCTTAGCTTAATTAAAGTAGTTGATTTGCATTCAGCTGATGTAGGGTAAAGTTCTGCAGTCCTTA,Eukaryota, Metazoa, Chordata, Craniata, Vertebrata, Euteleostomi, Mammalia, Eutheria, Laurasiatheria, Chiroptera, Microchiroptera, Hipposideridae, Hipposideros,,,,,
Dinaromys bogdanovi (Balkan snow vole),GAGGATTTAGCTTAATTAAAGCAATTGATTTGCAATCATTAGATGTAAGATATAGTCTTGCAGTCCTTA,Eukaryota, Metazoa, Chordata, Craniata, Vertebrata, Euteleostomi, Mammalia, Eutheria, Euarchontoglires, Glires, Rodentia, Myomorpha, Muroidea, Cricetidae, Arvicolinae, Dinaromys,,
Ellobius talpinus (Northern mole vole),GAGGATTTAGCTTAATTAAAGCGATTGATTTGCATTCATTAGATGTAAGGTATATTCTTGCAATCCTTA,Eukaryota, Metazoa, Chordata, Craniata, Vertebrata, Euteleostomi, Mammalia, Eutheria, Euarchontoglires, Glires, Rodentia, Myomorpha, Muroidea, Cricetidae, Arvicolinae, Ellobius,,
Monachus monachus (Mediterranean monk seal),AAGGGCTTAGCTTAATTAAAGTAGTTGATTTGCATTCAATTGATGTAAGATAGAATCTTGCAGCTCTTA,Eukaryota, Metazoa, Chordata, Craniata, Vertebrata, Euteleostomi, Mammalia, Eutheria, Laurasiatheria, Carnivora, Caniformia, Phocidae, Monachus,,,,,
Ectophylla alba,AAGGGCTTAGCTTAATTAAAGTAGTTGATTTGCATTCAGCAGATGTAGGATAAAGTCTTGCAGCCCTTA,Eukaryota, Metazoa, Chordata, Craniata, Vertebrata, Euteleostomi, Mammalia, Eutheria, Laurasiatheria, Chiroptera, Microchiroptera, Phyllostomidae, Stenodermatinae, Ectophylla,,,,
Oligoryzomys stramineus,GAGAGTTTAGCTTAATTAAAGCTATTGATTTGCGTTCATTGGATGTTGGATAAAGTCCTGCAACTCTTA,Eukaryota, Metazoa, Chordata, Craniata, Vertebrata, Euteleostomi, Mammalia, Eutheria, Euarchontoglires, Glires, Rodentia, Myomorpha, Muroidea, Cricetidae, Sigmodontinae, Oligoryzomys,,
Macropus fuliginosus (western gray kangaroo),AAGAATTTAGCTTAATGAAAGTGTTCGATTTGCGTTCGGATGATGCAAGATAAAGGCTTGTAATTC,Eukaryota, Metazoa, Chordata, Craniata, Vertebrata, Euteleostomi, Mammalia, Metatheria, Diprotodontia, Macropodidae, Macropus,,,,,,,
Anomalurus pusillus,GAGGATTTAGCTTAATTAAAGTGGTTGATTTGCATTCAATAGATGTAAGATAAATTCTTGCAGTCCTTA,Eukaryota, Metazoa, Chordata, Craniata, Vertebrata, Euteleostomi, Mammalia, Eutheria, Euarchontoglires, Glires, Rodentia, Anomaluromorpha, Anomaluridae, Anomalurus,,,,
Anomalurus pelii (Pel's scaly-tailed squirrel),GAGGATTTAGCTTAATTAAAGTGATTGATTTGCATTCAGTAGATGTAGGATAGATTCTTGCAGTCCTTA,Eukaryota, Metazoa, Chordata, Craniata, Vertebrata, Euteleostomi, Mammalia, Eutheria, Euarchontoglires, Glires, Rodentia, Anomaluromorpha, Anomaluridae, Anomalurus,,,,
Anomalurus derbianus,GAGGATTTAGCTTAATTAAAGTGGTTGATTTGCGTTCAATAGATGTAAGATAAATTCTTGCAATCCTTA,Eukaryota, Metazoa, Chordata, Craniata, Vertebrata, Euteleostomi, Mammalia, Eutheria, Euarchontoglires, Glires, Rodentia, Anomaluromorpha, Anomaluridae, Anomalurus,,,,
Lycaon pictus (African hunting dog),GGGCTTAGCTTAATTAAAGTGTTTGATTTGCATTCAATTGATGTAAGATAGATTCTTGCAGTCCTTA,Eukaryota, Metazoa, Chordata, Craniata, Vertebrata, Euteleostomi, Mammalia, Eutheria, Laurasiatheria, Carnivora, Caniformia, Canidae, Lycaon,,,,,
Canis anthus (African golden wolf),GGGCTTAGCTTAATTAAAGTGTTTGATTTGCATTCAATTGATGTAAGATAGATTCTTGCAGCCCTTAGAG,Eukaryota, Metazoa, Chordata, Craniata, Vertebrata, Euteleostomi, Mammalia, Eutheria, Laurasiatheria, Carnivora, Caniformia, Canidae, Canis,,,,,
Pekania pennanti (fisher),AAGGGCTTAGCTTAATTAAAGTGACTGATTTGCGTTCAGTAGATGTGAGATGTGCTCTTGCAGTCCTTA,Eukaryota, Metazoa, Chordata, Craniata, Vertebrata, Euteleostomi, Mammalia, Eutheria, Laurasiatheria, Carnivora, Caniformia, Mustelidae, Guloninae, Pekania,,,,
Ailurus fulgens (lesser panda),AAGGGCTTAGCTTAATTAAAGTAATTGATTTGCATTCAATTGATGTAAGATATATTCTTGCAGTCCTTA,Eukaryota, Metazoa, Chordata, Craniata, Vertebrata, Euteleostomi, Mammalia, Eutheria, Laurasiatheria, Carnivora, Caniformia, Ailuridae, Ailurus,,,,,
Arctodus simus (giant short-faced bear),AAGGGCTTAGCTTAATTAAAGCGATTGTTTTGCGTTCAATTGATGTGAGATATATTCTTGCAGTCCTTA,Eukaryota, Metazoa, Chordata, Craniata, Vertebrata, Euteleostomi, Mammalia, Eutheria, Laurasiatheria, Carnivora, Caniformia, Ursidae, Arctodus,,,,,